1,66366,Sabun Dettol,1/9/2019
2,66366,Sabun Citra,1/9/2019
3,66366,Sabun Lifebuoy,1/9/2019
4,66366, Teh Celup Sosro Kotak Merah,1/9/2019
5,66366,Teh Sari Murni Kotak,1/9/2019
6,66366,Good Day Capucino Biasa,1/9/2019
7,66366,Kopi ABC Mocca,1/9/2019
8,66366,Kapal Api Spesial,1/9/2019
9,66366, Gula Timbang,1/9/2019
10,66366,Telur,1/9/2019
11,66367,Bendera Sachet Coklat,1/9/2019
12,66367,Bendera Kaleng Putih Kremer,1/9/2019
13,66367,Susu Bear Brands,1/9/2019
14,66367,Dancow Sachet Coklat,1/9/2019
15,66367, Dancow Sachet Putih,1/9/2019
16,66367,Energen,1/9/2019
17,66368,Enaak Kaleng Putih,1/9/2019
18,66368,Susu Bear Brands,1/9/2019
19,66368,Larutan Badak Botol,1/9/2019
20,66368,Sosis Japfa So Nice,1/9/2019
21,66368,Gulaku Premium,1/9/2019
22,66368,Roma Kelapa Pak,1/9/2019
23,66369,Kecap ABC Botol,1/9/2019
24,66369,Ajinomoto,1/9/2019
25,66369,Masako,1/9/2019
26,66369,Minyak Goreng Hemart Bantal,1/9/2019
27,66369,Blue Band Stik,1/9/2019
28,66369,Gery Malkist Keju Bag,1/9/2019
29,66369,Mamy Poko Pants M,1/9/2019
30,66369,Gula Timbang,1/9/2019
31,66370,Pantene Shampo Sachet,1/9/2019
32,66370,Pantene Conditioner,1/9/2019
33,66370,Daia,1/9/2019
34,66370,So Klin Softergent,1/9/2019
35,66370,Downy,1/9/2019
36,66370,Kispray Biasa Botol,1/9/2019
37,66370,Citra White Extra,1/9/2019
38,66370, Sandal Swallow,1/9/2019
39,66370, Ciptadent,1/9/2019
40,66370, Tissue Paseo Smart Refill,1/9/2019
41,66371,Stella Spray,1/9/2019
42,66371,Stella Gantung,1/9/2019
43,66371,Sikat Pakaian Eterna,1/9/2019
44,66371,Viva Face Tonic Green Tea,1/9/2019
45,66371,Viva Milk Cleanser Green Tea,1/9/2019
46,66371,Vaseline HBL,1/9/2019
47,66371,Bedak Johnson’s,1/9/2019
48,66371,Vixal Botol,1/9/2019
49,66371,Minyak Kapak,1/9/2019
50,66371,Kapur Semut,1/9/2019
51,66372,Nabati Nextar Nastar,1/9/2019
52,66372,Sabun Dettol Cair Botol,1/9/2019
53,66372,Sabun Citra,1/9/2019
54,66372,Teh Sari Wangi Kotak,1/9/2019
55,66372,Teh Sari Murni Kotak,1/9/2019
56,66372, Extra Joss,1/9/2019
57,66372,Kuku Bima Klasik,1/9/2019
58,66372,Sedaap Ayam Bawang,1/9/2019
59,66372, Sedaap Soto,1/9/2019
60,66372,Sabun My Baby,1/9/2019
61,66372,So Klin Cair Sach   ,1/9/2019
62,66373,Sabun Dettol Cair Botol,1/9/2019
63,66373,Sabun Citra,1/9/2019
64,66373,Teh Sari Wangi Kotak,1/9/2019
65,66373,Teh Sari Murni Kotak,1/9/2019
66,66373,Extra Joss,1/9/2019
67,66373, Kuku Bima Klasik,1/9/2019
68,66373, Sedaap Ayam Bawang,1/9/2019
69,66373,Sedaap Soto,1/9/2019
70,66373,Nabati Nextar Nastar,1/9/2019
71,66374,Sabun Cair Biore Ref,1/9/2019
72,66374,Sabun Cusson Baby,1/9/2019
73,66374,Kapal Api Grande,1/9/2019
74,66374,Sikat Gigi Ciptadent,1/9/2019
75,66374,Balsem Lang,1/9/2019
76,66374,Wipol Sachet,1/9/2019
77,66374,Viva Hand Body Mangir,1/9/2019
78,66374,Viva Pelembab,1/9/2019
79,66374,Yupi Strawkiss,1/9/2019
80,66374,Attack Easy,1/9/2019
81,66375,So Klin Cair Sach,1/9/2019
82,66375,So Klin Softergent,1/9/2019
83,66375,Hit Magic,1/9/2019
84,66375, Minyak Angin Fresh Care,1/9/2019
85,66375,Teh 2 Tang Ijo,1/9/2019
86,66375,Sabun Cair Biore Botol,1/9/2019
87,66375, Good Day Capucino Biasa,1/9/2019
88,66375,Sarimi 2 Soto,1/9/2019
89,66375,Sedaap Ayam Spesial,1/9/2019
90,66375,Milo UHT,1/9/2019
91,66375,Pocari Sweat Botol,1/9/2019
92,66375,Bango Sachet,1/9/2019
93,66375,Minyak Goreng Hemart Bantal,1/9/2019
94,66376,Yupi Just For Fun,1/9/2019
95,66376,Attack Easy,1/9/2019
96,66376,Merries Pants,1/9/2019
97,66376,Attack Easy,1/9/2019
98,66376,Shampo Dove Sachet,1/9/2019
99,66376,Dove Conditioner,1/9/2019
100,66376,Mama Lemon,1/9/2019
101,66376,Vanish Botol,1/9/2019
102,66376,Rinso Cair Sachet,1/9/2019
103,66376,Ciptadent,1/9/2019
104,66376, Baygon Bakar Jumbo Max,1/9/2019
105,66376,Sabut Nilon Susemi,1/9/2019
106,66376,Cotton Bud Modern,1/9/2019
107,66376,Super Pell Sachet,1/9/2019
108,66377,Saput Bedak,1/9/2019
109,66377,Vaseline HBL,1/9/2019
110,66377, Viva Bedak Zak No. 4,1/9/2019
111,66377,Viva Milk Cleanser (CLM),1/9/2019
112,66377,Stella Gantung,1/9/2019
113,66377, Tissue Nice Refill,1/9/2019
114,66377," Kit Motor Shampo, Kapas Selection",1/9/2019
115,66377,Tissue Basah Mitu,1/9/2019
116,66378,Minyak Tawon CC,1/9/2019
117,66378,Lilin Jumbo Merpati,1/9/2019
118,66378, Lampu Philip LED,1/9/2019
119,66378,Pepsodent Herbal,1/9/2019
120,66378,Sikat Gigi Ciptadent,1/9/2019
121,66378, Sunlight Refill,1/9/2019
122,66378, Baygon Bakar Jumbo DB,1/9/2019
123,66378,Bayclin Botol,1/9/2019
124,66378,Kispray Gold Refill,1/9/2019
125,66378,Downy,1/9/2019
126,66378,So Klin Cair Sach,1/9/2019
127,66378,Shampo Dove Sachet,1/9/2019
128,66379,Jahe Susu Sidomuncul,1/9/2019
129,66379,Lemon Tea Maxtea,1/9/2019
130,66379,Lemon / Orange Water,1/9/2019
131,66379, Pocari Sweat Botol,1/9/2019
132,66380,Sedaap Goreng,1/9/2019
133,66380,Mie Burung Dara,1/9/2019
134,66380,Kapal Api Spesial,1/9/2019
135,66380,Teh Sari Murni Sachet,1/9/2019
136,66380,Bendera Kaleng Putih Kremer,1/9/2019
137,66380,Sedaap Kare Spesial,1/9/2019
138,66380,Aqua,1/9/2019
139,66380,Real Good Bantal,1/9/2019
140,66380, Garam Daun,1/9/2019
141,66380,Gulaku Premium,1/9/2019
142,66380,Tamarin Sak,1/9/2019
143,66380,Sedaap Kare Spesial,1/9/2019
144,66381,Gery Chocolatos Dark,1/9/2019
145,66381,Gery Malkist Coklat Bag,1/9/2019
146,66381,Kacang Atom Panda,1/9/2019
147,66381,Kacang Kulit Garuda,1/9/2019
148,66381,Head & Shoulder,1/9/2019
149,66382,Minyak Telon 3 Anak,1/9/2019
150,66382,Lampu Neon Philip Jari Essent,1/9/2019
151,66382,MKP Cap Lang,1/9/2019
152,66382,Kapas Selection,1/9/2019
153,66382,Vixal Botol,1/9/2019
154,66382,Herocyn,1/9/2019
155,66382,Racun Tikus Mao Wang,1/9/2019
156,66382,Pinset,1/9/2019
157,66383,Minyak Kapak,1/9/2019
158,66383, Biosol Sachet,1/9/2019
159,66383,Kit Motor Shampo,1/9/2019
160,66383,Jas Hujan Ponco LP Ibex ,1/9/2019
161,66384,Dettol Instant Hand Sanitizer,1/9/2019
162,66384,Sabun Claudia,1/9/2019
163,66384,Teh 2 Tang Premium,1/9/2019
164,66384,Teh Celup Catut Kotak Merah,1/9/2019
165,66384,Kapal Api Spesial,1/9/2019
166,66385,Sabun Lux Cair Refill,1/9/2019
167,66385, Pil Kita,1/9/2019
168,66385,Sabun Nuvo Padat,1/9/2019
169,66385,Good Day Biasa,1/9/2019
170,66385,Indomie Goreng Spesial,1/9/2019
171,66385,Dancow Sachet Coklat,1/9/2019
172,66385,Sedaap Ayam Spesial,1/9/2019
173,66385,Buavita,1/9/2019
174,66386,Kapal Api Spesial,1/9/2019
175,66386,Kopi Luwak White Coffie,1/9/2019
176,66386,Chocolatos Drink,1/9/2019
177,66387,Pocari Sweat Botol,1/9/2019
178,66387,Tea-jus,1/9/2019
179,66387,Bango Botol,1/9/2019
180,66387,Bon Cabe 15,1/9/2019
181,66387,Minyak Goreng Hemart Refill,1/9/2019
182,66387,Kecap Sedaap Refill,1/9/2019
183,66387,Sosis Japfa So Nice,1/9/2019
184,66388,Cuka Suka Sari,1/9/2019
185,66388,Garam Daun,1/9/2019
186,66388,Bango Refill,1/9/2019
187,66388,Bon Cabe,1/9/2019
188,66388,Gery Chocolatos Dark 2000,1/9/2019
189,66388,Royco,1/9/2019
190,66388,Sajiku Nasi Goreng/Ayam Goreng,1/9/2019
191,66389,Meses Ceres,1/9/2019
192,66390,Vegeta Herbal,1/9/2019
193,66390,Ajinomoto,1/9/2019
194,66390,Bango Botol,1/9/2019
195,66390,Agar-Agar Double Swallow Sun,1/9/2019
196,66390,Blue Band Stik,1/9/2019
197,66390,Gery Malkist Kelapa Bag,1/9/2019
198,66390,Molto Pewangi,1/9/2019
199,66390,Baygon Spray,1/9/2019
200,66391,Sari kacang Ijo Ultrajaya,1/9/2019
201,66391,Tea-jus,1/9/2019
202,66391,Teh Pucuk Harum,1/9/2019
203,66391,Gula Tropicana Diabetes,1/9/2019
204,66391,Gulaku Premium,1/9/2019
205,66392,Harpic,1/9/2019
206,66392,So Klin Lantai Refill,1/9/2019
207,66393,Jas Hujan HDPE Ponco,1/9/2019
208,66394,Gatsby Rambut Kuning Sach,1/9/2019
209,66394,Marina Compact,1/9/2019
210,66395,Marina Natural Gepeng,1/9/2019
211,66395,Orang-Aring Viva,1/9/2019
212,66395,Rexona Roll Biasa,1/9/2019
213,66395,Vaseline HBL,1/9/2019
214,66395,Viva Face Tonic Cucumber (AST),1/9/2019
215,66395,Viva Milk Cleanser (CLM),1/9/2019
216,66396,So Klin Lantai,1/9/2019
217,66396,Super Pell,1/9/2019
218,66396,Tissue Basah Paseo,1/9/2019
219,66396,Tissue Nice,1/9/2019
220,66396,Kit Motor Poles,1/9/2019
221,66396,Sabut Nilon Susemi,1/9/2019
222,66396,Minyak Kapak,1/9/2019
223,66396,Sikat Gigi Ciptadent,1/9/2019
224,66396, Shampo Dove Sachet,1/9/2019
225,66396,Baygon Bakar Biasa,1/9/2019
226,66396,Mama Lemon,1/9/2019
227,66396,Baygon Bakar Jumbo DB,1/9/2019
228,66396,Bayclin Botol,1/9/2019
229,66397,Pepsodent Herbal,1/9/2019
230,66397,Balsem Geliga,1/9/2019
231,66397,Hit Electric Mat,1/9/2019
232,66397,Bayclin Botol,1/9/2019
233,66397,Daia (Sachet),1/9/2019
234,66397,Shampo Dove Sachet,1/9/2019
235,66397,Nabati Siip 500,1/9/2019
236,66397,Nyam-nyam,1/9/2019
237,66397,Ponds Cream,1/9/2019
238,66398,Rejoice Rich Botol,1/9/2019
239,66398,Rinso Matic Top Load,1/9/2019
240,66398,So Klin Cair,1/9/2019
241,66398,Kispray Biasa,1/9/2019
242,66398,Downy,1/9/2019
243,66398, Silver Queen Chunky Bar,1/9/2019
244,66399,Kecap ABC Botol,1/9/2019
245,66399,Sosis Japfa So Nice,1/9/2019
246,66399,Choki Choki 2 Rasa/Pasta,1/9/2019
247,66399,Dj Jelly Gum Box,1/9/2019
248,66399,Jahe Wangi Intra,1/9/2019
249,66399,Sari Kacang Ijo Ultrajaya,1/9/2019
250,66399,Agar-Agar Double Swallow Sun,1/9/2019
251,66399,Larutan Badak Kaleng,1/9/2019
252,66399,Bango Botol,1/9/2019
253,66399, Cuka Suka Sari ,1/9/2019
254,66400,Sabun Shinzui,1/9/2019
255,66400,Hemaviton Jreng,1/9/2019
256,66400,Teh Sari Wangi Sachet,1/9/2019
257,66400, indomie Goreng Spesial,1/9/2019
258,66400,Kapal Api Spesial,1/9/2019
259,66400,Bendera Sachet Putih Kremer,1/9/2019
260,66400,Sabun Baby Johnsons,1/9/2019
261,66401,Susu Ultra,1/9/2019
262,66401,Floridina Orange,1/9/2019
263,66401,Good Day Botol,1/9/2019
264,66401,Anget Sari Susu Jahe ,1/9/2019
265,66402,Larutan Badak Botol,1/9/2019
266,66402,Buavita,1/9/2019
267,66402,Nutrisari Wedank Bajigur,1/9/2019
268,66402,Susu Indomik Botol,1/9/2019
269,66402,Nabati Nextar Nastar,1/9/2019
270,66402,Nissin Crispy Crackers,1/9/2019
271,66403,Tusuk Gigi,1/9/2019
272,66403,Stella Spray,1/9/2019
273,66403,Pinset,1/9/2019
274,66403,Citra White,1/9/2019
275,66403,MBK Putih,1/9/2019
276,66403,Sandal Swallow Seri,1/9/2019
277,66403,Jas Hujan HDPE LP,1/9/2019
278,66403,Lem Tikus Trap Gajah,1/9/2019
279,66403,Tissue Basah Mitu isi 4,1/9/2019
280,66404,Sabut Spon Polytex Biasa,1/9/2019
281,66404,Gillete Goal Klik,1/9/2019
282,66404,Cotton Bud Modern,1/9/2019
283,66404,MKP Cap Lang,1/9/2019
284,66404,Lampu LED,1/9/2019
285,66404, Domestos Nomos Biasa,1/9/2019
286,66404,Kispray Biasa,1/9/2019
287,66404,Autan Dewasa Sachet,1/9/2019
288,66404,Bayclin Botol,1/9/2019
289,66404,Charm BF Wing ,1/9/2019
290,66405,Sabun Lifebuoy Cair,1/9/2019
291,66405,Capucino,1/9/2019
292,66405,Bendera Kaleng Putih Kremer,1/9/2019
293,66405,Susu Indomilk,1/9/2019
294,66405,Lemon Tea Maxtea,1/9/2019
295,66405,Ajinomoto,1/9/2019
296,66405,Gulaku Premium,1/9/2019
297,66405,Racik Ayam Goreng,1/9/2019
298,66406,Teh Sari Wangi Kotak,1/9/2019
299,66406,Extra Joss,1/9/2019
300,66406,Indomie Ayam Bawang,1/9/2019
301,66406,Sedaap Soto,1/9/2019
302,66406,Energen,1/9/2019
303,66406,Chocolatos Drink,1/9/2019
304,66406,Sosis Japfa So Nice,1/9/2019
305,66406,Pulpy Orange,1/9/2019
306,66406,Meses Safari,1/9/2019
307,66407,Beng-beng Drink,1/9/2019
308,66407,Bendera Kaleng Putih Kremer,1/9/2019
309,66407,Frestea,1/9/2019
310,66407,Vegeta Herbal,1/9/2019
311,66407,Beng-Beng ,1/9/2019
312,66408,Bendera Kaleng Coklat,1/9/2019
313,66408,Kapal Api Spesial Mix,1/9/2019
314,66408,Dancow Sachet Putih,1/9/2019
315,66409,Hot Cocoa,1/9/2019
316,66409,Bendera Kaleng Putih Gold,1/9/2019
317,66409,Susu Indomik Botol,1/9/2019
318,66409,Kiko Merah,1/9/2019
319,66409,Nutri Jell Coklat ,1/9/2019
320,66410,Gery Malkist Kelapa Bag,1/9/2019
321,66410,Racik Nasi Goreng,1/9/2019
322,66410,Sambal Terasi ABC Sachet,1/9/2019
323,66410,Kacang Kulit Garuda,1/9/2019
324,66410,Davos Lux,1/9/2019
325,66410,Shampo Dove Sachet,1/9/2019
326,66410,Kopi Top Plus,1/9/2019
327,66410,Marie Regal,1/9/2019
328,66410,Royco ,1/9/2019
329,66411,Gillete Goal II Kuning,1/9/2019
330,66411,Sabut Nilon Susemi,1/9/2019
331,66411,Lampu Neon Philip Jari Essent ,1/9/2019
332,66412,Super Pell,1/9/2019
333,66412, Kit Motor Poles,1/9/2019
334,66412,Kapas Selection ,1/9/2019
335,66413,Super Pell,1/9/2019
336,66413,Tissue Makan Green,1/9/2019
337,66413,Sabut Spon Susemi,1/9/2019
338,66413,Gillete Goal II Kuning,1/9/2019
339,66414,Gatsby Rambut Biru Sach,1/9/2019
340,66414,Herocyn,1/9/2019
341,66414,Stella Gantung,1/9/2019
342,66414,Rexona Roll Biasa,1/9/2019
343,66414,Kit Motor Shampo,1/9/2019
344,66414,Silet Tatra,1/9/2019
345,66415,Super Pell,1/9/2019
346,66415,Kacang Atom Garuda,1/9/2019
347,66415,Roma Kelapa Cream,1/9/2019
348,66415,Sambal Terasi ABC Sachet,1/9/2019
349,66415,Ajinomoto,1/9/2019
350,66415,Sosis Japfa So Nice,1/9/2019
351,66416,Sedaap Soto Cup,1/9/2019
352,66416,Sedaap Goreng Cup,1/9/2019
353,66416,Kopi Top Plus,1/9/2019
354,66416, Kopi ABC Susu,1/9/2019
355,66416,Sabun Shinzui,1/9/2019
356,66416,Teh Celup Sosro Sachet,1/9/2019
357,66416,Beng-beng Drink,1/9/2019
358,66417,Buavita,1/9/2019
359,66417,Energen,1/9/2019
360,66417, Bendera Kaleng Putih Kremer,1/9/2019
361,66417,Vegeta Biasa,1/9/2019
362,66417,You C 1000,1/9/2019
363,66418,Real Good Bantal,1/9/2019
364,66418,Pulpy Orange,1/9/2019
365,66418,Pino Ice Cup,1/9/2019
366,66418,Bon Cabe,1/9/2019
367,66418,Bango,1/9/2019
368,66418,Garam Daun,1/9/2019
369,66418,Floridina Orange,1/9/2019
370,66418, Meses Ceres,1/9/2019
371,66418,Gula Tropicana Classic,1/9/2019
372,66419,Ajinomoto,1/9/2019
373,66419,Teh Pucuk Harum,1/9/2019
374,66419,Sari Manis Tiga Tebu,1/9/2019
375,66419,Gery Malkist Coklat Bag,1/9/2019
376,66419,Sajiku Nasi Goreng/Ayam Goreng,1/9/2019
377,66419,Sari Kacang Ijo Ultrajaya,1/9/2019
378,66419,Vegeta Biasa,1/9/2019
379,66420,Agar-Agar Double Swallow Sun,1/9/2019
380,66420,Blue Band Stik,1/9/2019
381,66420,Teh Sari Murni Kotak,1/9/2019
382,66420,Roma Kelapa Cream,1/9/2019
383,66420,Nabati Hansel,1/9/2019
384,66420,Charm Night,1/9/2019
385,66421,Bango Sachet,1/9/2019
386,66421, Sosis Japfa So Nice,1/9/2019
387,66421,Sambal ABC Botol,1/9/2019
388,66421, Masako,1/9/2019
389,66421,Ladaku,1/9/2019
390,66421,Beng-Beng,1/9/2019
391,66421,Terasi Udang ABC,1/9/2019
392,66421,Bango,1/9/2019
